FIPS,yield,pred,error,NAME,NAMELSAD
5001,43.2,44.660305,-1.4603043,Arkansas,Arkansas County
5003,43.3,34.677017,8.622982,Ashley,Ashley County
5017,39.9,34.663513,5.2364883,Chicot,Chicot County
5021,37.9,34.409966,3.490036,Clay,Clay County
5029,26.4,31.200308,-4.800308,Conway,Conway County
5031,38.7,36.431057,2.2689438,Craighead,Craighead County
5033,23.3,28.927341,-5.627342,Crawford,Crawford County
5035,34.3,37.24194,-2.9419403,Crittenden,Crittenden County
5037,36.5,38.346375,-1.8463745,Cross,Cross County
5041,47.6,41.53482,6.065178,Desha,Desha County
5043,44.9,39.232845,5.667156,Drew,Drew County
5055,31.9,34.104073,-2.204073,Greene,Greene County
5063,29.0,30.02884,-1.0288391,Independence,Independence County
5067,24.9,30.309406,-5.4094067,Jackson,Jackson County
5069,38.8,40.80508,-2.0050812,Jefferson,Jefferson County
5075,28.4,31.768255,-3.3682556,Lawrence,Lawrence County
5077,26.3,33.025063,-6.7250633,Lee,Lee County
5079,45.2,39.70777,5.4922295,Lincoln,Lincoln County
5081,24.9,28.59515,-3.6951504,Little River,Little River County
5083,31.2,26.408241,4.7917595,Logan,Logan County
5085,35.8,37.95845,-2.158451,Lonoke,Lonoke County
5091,16.6,22.161875,-5.5618744,Miller,Miller County
5093,34.6,37.800888,-3.2008896,Mississippi,Mississippi County
5095,33.1,34.618435,-1.5184364,Monroe,Monroe County
5105,29.2,30.378716,-1.1787148,Perry,Perry County
5107,36.0,35.033012,0.9669876,Phillips,Phillips County
5111,35.2,37.519997,-2.3199959,Poinsett,Poinsett County
5115,25.8,30.930033,-5.1300335,Pope,Pope County
5117,40.6,38.960705,1.6392937,Prairie,Prairie County
5119,25.1,29.890692,-4.7906914,Pulaski,Pulaski County
5121,34.1,35.169094,-1.0690956,Randolph,Randolph County
5123,32.3,34.59025,-2.2902489,St. Francis,St. Francis County
5131,30.1,30.452839,-0.35283852,Sebastian,Sebastian County
5145,21.0,27.639524,-6.6395245,White,White County
5147,26.4,31.751856,-5.351856,Woodruff,Woodruff County
17001,48.7,45.13686,3.5631409,Adams,Adams County
17003,39.8,39.00842,0.7915802,Alexander,Alexander County
17005,49.9,42.891846,7.008156,Bond,Bond County
17007,58.1,53.040207,5.0597916,Boone,Boone County
17009,48.1,45.804153,2.295845,Brown,Brown County
17011,55.0,53.173035,1.8269653,Bureau,Bureau County
17013,50.3,47.287663,3.0123367,Calhoun,Calhoun County
17015,58.9,56.363922,2.5360794,Carroll,Carroll County
17017,53.3,48.757072,4.542927,Cass,Cass County
17019,56.2,51.82872,4.3712807,Champaign,Champaign County
17021,60.5,53.92511,6.57489,Christian,Christian County
17023,49.4,45.4502,3.9498024,Clark,Clark County
17025,44.2,41.773197,2.4268036,Clay,Clay County
17027,49.8,43.595448,6.2045517,Clinton,Clinton County
17029,58.0,51.62968,6.3703194,Coles,Coles County
17033,45.5,43.610874,1.8891258,Crawford,Crawford County
17035,49.9,45.944435,3.9555664,Cumberland,Cumberland County
17037,57.3,53.781776,3.5182228,DeKalb,DeKalb County
17039,59.7,52.99593,6.704071,De Witt,De Witt County
17041,57.4,52.54863,4.851372,Douglas,Douglas County
17045,53.9,51.611095,2.288906,Edgar,Edgar County
17047,45.2,41.95703,3.2429695,Edwards,Edwards County
17049,49.8,44.944717,4.855282,Effingham,Effingham County
17051,49.7,43.62956,6.070442,Fayette,Fayette County
17053,47.0,47.558628,-0.5586281,Ford,Ford County
17055,36.6,39.63299,-3.0329933,Franklin,Franklin County
17057,49.1,47.793705,1.3062935,Fulton,Fulton County
17059,40.4,43.04595,-2.6459503,Gallatin,Gallatin County
17061,54.0,50.011375,3.9886246,Greene,Greene County
17063,47.4,48.466503,-1.0665016,Grundy,Grundy County
17065,37.1,37.871277,-0.7712784,Hamilton,Hamilton County
17067,49.5,43.75256,5.7474403,Hancock,Hancock County
17069,21.0,35.233356,-14.233356,Hardin,Hardin County
17071,49.3,49.35945,-0.059452057,Henderson,Henderson County
17073,56.6,52.009575,4.5904236,Henry,Henry County
17075,46.1,46.065647,0.03435135,Iroquois,Iroquois County
17077,41.6,39.799026,1.800972,Jackson,Jackson County
17079,46.7,43.963642,2.7363586,Jasper,Jasper County
17081,39.9,38.954987,0.94501495,Jefferson,Jefferson County
17083,52.2,48.95315,3.246849,Jersey,Jersey County
17085,55.1,53.20252,1.89748,Jo Daviess,Jo Daviess County
17087,31.3,38.02284,-6.7228394,Johnson,Johnson County
17089,56.8,51.72345,5.0765495,Kane,Kane County
17091,45.1,47.14241,-2.0424118,Kankakee,Kankakee County
17093,51.7,50.66252,1.0374794,Kendall,Kendall County
17095,58.7,51.112144,7.5878563,Knox,Knox County
17097,49.7,45.888226,3.8117752,Lake,Lake County
17099,52.1,50.035892,2.064106,LaSalle,LaSalle County
17101,44.7,45.094242,-0.39424133,Lawrence,Lawrence County
17103,56.2,53.59674,2.60326,Lee,Lee County
17105,51.1,50.278984,0.8210144,Livingston,Livingston County
17107,57.6,52.37588,5.2241173,Logan,Logan County
17109,53.1,49.23578,3.8642197,McDonough,McDonough County
17111,56.5,50.659004,5.840996,McHenry,McHenry County
17113,58.5,54.151817,4.3481827,McLean,McLean County
17115,60.4,53.79266,6.607342,Macon,Macon County
17117,55.3,48.862022,6.437977,Macoupin,Macoupin County
17119,50.1,45.645435,4.454563,Madison,Madison County
17121,47.3,42.956764,4.343235,Marion,Marion County
17123,53.2,52.483315,0.71668625,Marshall,Marshall County
17125,48.7,44.62251,4.0774918,Mason,Mason County
17127,33.3,34.3192,-1.0191994,Massac,Massac County
17129,54.2,48.95247,5.247532,Menard,Menard County
17131,52.9,50.59159,2.3084106,Mercer,Mercer County
17133,45.1,41.784073,3.3159256,Monroe,Monroe County
17135,55.5,47.70255,7.797451,Montgomery,Montgomery County
17137,54.1,50.678173,3.4218254,Morgan,Morgan County
17139,62.8,53.89841,8.901588,Moultrie,Moultrie County
17141,56.6,54.292,2.3079987,Ogle,Ogle County
17143,54.8,49.773266,5.0267334,Peoria,Peoria County
17145,42.6,41.605568,0.99443054,Perry,Perry County
17147,63.3,53.29503,10.004971,Piatt,Piatt County
17149,52.9,47.022587,5.8774147,Pike,Pike County
17151,27.1,33.302208,-6.2022076,Pope,Pope County
17153,39.1,38.00005,1.0999489,Pulaski,Pulaski County
17155,51.5,50.534782,0.9652176,Putnam,Putnam County
17157,43.2,41.130486,2.0695152,Randolph,Randolph County
17159,43.5,42.64845,0.85155106,Richland,Richland County
17161,49.9,49.991463,-0.09146118,Rock Island,Rock Island County
17163,50.0,45.291733,4.708267,St. Clair,St. Clair County
17165,39.1,40.143414,-1.0434151,Saline,Saline County
17167,60.4,52.172523,8.227478,Sangamon,Sangamon County
17169,48.6,46.54469,2.0553093,Schuyler,Schuyler County
17171,52.3,47.561943,4.738056,Scott,Scott County
17173,55.4,48.587383,6.8126183,Shelby,Shelby County
17175,58.2,52.34885,5.8511505,Stark,Stark County
17177,56.1,54.643562,1.4564362,Stephenson,Stephenson County
17179,58.1,52.547173,5.552826,Tazewell,Tazewell County
17181,32.8,38.663742,-5.863743,Union,Union County
17183,55.2,52.050316,3.149685,Vermilion,Vermilion County
17185,44.6,42.442974,2.1570244,Wabash,Wabash County
17187,55.2,52.951305,2.2486954,Warren,Warren County
17189,45.7,41.145027,4.5549736,Washington,Washington County
17191,44.2,40.289513,3.9104881,Wayne,Wayne County
17193,46.0,41.066895,4.9331055,White,White County
17195,51.9,52.796387,-0.8963852,Whiteside,Whiteside County
17197,47.0,47.40026,-0.40026093,Will,Will County
17199,34.8,38.25978,-3.4597816,Williamson,Williamson County
17201,54.8,52.55491,2.2450905,Winnebago,Winnebago County
17203,56.1,53.730972,2.3690262,Woodford,Woodford County
18001,45.0,46.088726,-1.088726,Adams,Adams County
18003,43.8,45.712627,-1.9126282,Allen,Allen County
18005,39.5,41.156574,-1.6565742,Bartholomew,Bartholomew County
18007,53.4,52.37732,1.0226822,Benton,Benton County
18009,47.6,49.083694,-1.483696,Blackford,Blackford County
18011,54.3,51.636833,2.663166,Boone,Boone County
18015,59.9,53.79683,6.1031723,Carroll,Carroll County
18017,53.3,51.2874,2.0126,Cass,Cass County
18019,40.5,43.86708,-3.3670807,Clark,Clark County
18021,47.6,46.977913,0.6220856,Clay,Clay County
18023,54.9,54.93409,-0.034088135,Clinton,Clinton County
18027,48.7,43.932877,4.767124,Daviess,Daviess County
18029,36.8,41.217945,-4.417946,Dearborn,Dearborn County
18031,50.7,46.117252,4.5827484,Decatur,Decatur County
18033,38.7,38.91824,-0.21823883,DeKalb,DeKalb County
18035,48.7,48.296597,0.40340424,Delaware,Delaware County
18037,44.1,42.721592,1.3784065,Dubois,Dubois County
18039,46.6,45.638268,0.96173096,Elkhart,Elkhart County
18041,52.4,47.276085,5.1239166,Fayette,Fayette County
18045,54.4,51.775524,2.6244774,Fountain,Fountain County
18047,49.2,47.525444,1.6745567,Franklin,Franklin County
18049,50.4,50.607105,-0.20710373,Fulton,Fulton County
18051,44.5,40.650227,3.8497734,Gibson,Gibson County
18053,52.5,51.170887,1.329113,Grant,Grant County
18055,43.0,42.957756,0.042243958,Greene,Greene County
18057,54.8,53.35564,1.4443588,Hamilton,Hamilton County
18059,48.6,48.275585,0.3244133,Hancock,Hancock County
18061,32.3,39.81957,-7.5195694,Harrison,Harrison County
18063,52.3,48.575848,3.7241516,Hendricks,Hendricks County
18065,50.3,48.035885,2.2641144,Henry,Henry County
18067,55.2,54.77063,0.42937088,Howard,Howard County
18069,49.8,51.795288,-1.9952888,Huntington,Huntington County
18071,35.7,37.95154,-2.2515411,Jackson,Jackson County
18073,50.2,51.03227,-0.83226776,Jasper,Jasper County
18075,48.0,45.764675,2.2353249,Jay,Jay County
18077,36.6,43.895905,-7.295906,Jefferson,Jefferson County
18079,39.8,44.732826,-4.932827,Jennings,Jennings County
18081,44.6,43.589348,1.0106506,Johnson,Johnson County
18083,49.5,43.941563,5.5584373,Knox,Knox County
18085,49.6,48.855442,0.7445564,Kosciusko,Kosciusko County
18087,46.6,43.97855,2.6214485,LaGrange,LaGrange County
18089,46.1,50.479454,-4.3794556,Lake,Lake County
18091,47.3,50.7506,-3.4505997,LaPorte,LaPorte County
18093,32.0,37.997894,-5.9978943,Lawrence,Lawrence County
18095,52.8,51.907158,0.89284134,Madison,Madison County
18097,45.6,42.546864,3.053135,Marion,Marion County
18099,48.2,49.657864,-1.4578629,Marshall,Marshall County
18101,45.6,45.049995,0.55000305,Martin,Martin County
18103,51.9,50.809578,1.0904236,Miami,Miami County
18105,37.4,41.128086,-3.7280846,Monroe,Monroe County
18107,55.3,52.40724,2.8927574,Montgomery,Montgomery County
18109,44.5,43.88853,0.61146927,Morgan,Morgan County
18111,50.5,51.81749,-1.3174896,Newton,Newton County
18113,42.6,43.420563,-0.82056427,Noble,Noble County
18115,44.8,44.26107,0.538929,Ohio,Ohio County
18117,41.4,40.603813,0.79618835,Orange,Orange County
18119,44.2,43.591934,0.60806656,Owen,Owen County
18121,51.2,47.98794,3.212059,Parke,Parke County
18123,38.2,40.302124,-2.1021233,Perry,Perry County
18125,41.7,42.40192,-0.70191956,Pike,Pike County
18127,47.9,51.225727,-3.3257256,Porter,Porter County
18129,42.9,39.735073,3.1649284,Posey,Posey County
18131,46.8,49.140293,-2.340294,Pulaski,Pulaski County
18133,50.8,51.092056,-0.29205704,Putnam,Putnam County
18135,46.5,47.217163,-0.7171631,Randolph,Randolph County
18137,42.8,44.18495,-1.3849525,Ripley,Ripley County
18139,52.9,47.628414,5.2715874,Rush,Rush County
18141,46.8,50.18647,-3.3864708,St. Joseph,St. Joseph County
18143,43.9,44.743107,-0.8431053,Scott,Scott County
18145,48.0,45.442543,2.557457,Shelby,Shelby County
18147,41.8,40.99784,0.80215836,Spencer,Spencer County
18149,41.7,44.032642,-2.3326416,Starke,Starke County
18151,44.4,40.69246,3.7075424,Steuben,Steuben County
18153,50.6,46.638115,3.9618835,Sullivan,Sullivan County
18155,41.9,43.917095,-2.0170937,Switzerland,Switzerland County
18157,53.8,52.714325,1.0856743,Tippecanoe,Tippecanoe County
18159,57.7,55.778633,1.9213676,Tipton,Tipton County
18161,57.4,54.248398,3.1516037,Union,Union County
18163,42.0,42.304974,-0.3049736,Vanderburgh,Vanderburgh County
18165,52.4,46.898216,5.5017853,Vermillion,Vermillion County
18167,46.5,43.448143,3.051857,Vigo,Vigo County
18169,50.0,51.43513,-1.4351311,Wabash,Wabash County
18171,54.2,53.374226,0.82577515,Warren,Warren County
18173,38.4,41.147163,-2.7471619,Warrick,Warrick County
18175,34.7,38.665314,-3.965313,Washington,Washington County
18177,48.7,46.3237,2.3763008,Wayne,Wayne County
18179,51.3,50.5744,0.7255974,Wells,Wells County
18181,54.0,51.232613,2.7673874,White,White County
18183,43.8,45.685867,-1.8858681,Whitley,Whitley County
19001,48.7,52.725513,-4.0255127,Adair,Adair County
19003,47.7,51.429523,-3.7295227,Adams,Adams County
19005,52.2,52.205364,-0.0053634644,Allamakee,Allamakee County
19007,42.6,41.9657,0.63430023,Appanoose,Appanoose County
19009,55.3,53.724457,1.5755424,Audubon,Audubon County
19011,52.7,55.945942,-3.2459412,Benton,Benton County
19013,52.2,51.66884,0.53116226,Black Hawk,Black Hawk County
19015,46.6,50.25128,-3.6512833,Boone,Boone County
19017,52.7,52.52502,0.17498016,Bremer,Bremer County
19019,50.5,51.062153,-0.56215286,Buchanan,Buchanan County
19021,50.4,51.770008,-1.3700066,Buena Vista,Buena Vista County
19023,54.5,53.132736,1.3672638,Butler,Butler County
19025,47.6,50.118122,-2.5181236,Calhoun,Calhoun County
19027,52.8,54.066097,-1.266098,Carroll,Carroll County
19029,53.2,54.112984,-0.91298294,Cass,Cass County
19031,53.1,53.7649,-0.66490173,Cedar,Cedar County
19033,51.5,51.730896,-0.230896,Cerro Gordo,Cerro Gordo County
19035,55.7,55.896248,-0.1962471,Cherokee,Cherokee County
19037,54.0,53.630203,0.36979675,Chickasaw,Chickasaw County
19039,41.4,43.657,-2.257,Clarke,Clarke County
19041,52.7,50.836563,1.8634377,Clay,Clay County
19043,56.8,54.151745,2.6482544,Clayton,Clayton County
19045,51.4,52.92591,-1.5259094,Clinton,Clinton County
19047,57.0,56.989697,0.010303497,Crawford,Crawford County
19049,49.8,51.162872,-1.3628731,Dallas,Dallas County
19051,46.6,45.04731,1.5526886,Davis,Davis County
19053,42.9,44.50365,-1.6036491,Decatur,Decatur County
19055,56.3,52.69006,3.6099396,Delaware,Delaware County
19057,51.1,47.47748,3.6225166,Des Moines,Des Moines County
19059,50.2,50.69898,-0.49897766,Dickinson,Dickinson County
19061,54.3,54.301327,-0.0013275146,Dubuque,Dubuque County
19063,51.0,51.518677,-0.51867676,Emmet,Emmet County
19065,52.6,51.091686,1.5083122,Fayette,Fayette County
19067,53.0,52.52277,0.47723007,Floyd,Floyd County
19069,50.3,49.908234,0.3917656,Franklin,Franklin County
19071,47.0,51.765915,-4.765915,Fremont,Fremont County
19073,48.1,50.80281,-2.7028122,Greene,Greene County
19075,59.6,55.98832,3.611679,Grundy,Grundy County
19077,50.0,50.08907,-0.08906937,Guthrie,Guthrie County
19079,48.1,49.13973,-1.0397301,Hamilton,Hamilton County
19081,51.2,52.41246,-1.2124596,Hancock,Hancock County
19083,55.3,53.898014,1.4019852,Hardin,Hardin County
19085,47.9,50.664707,-2.7647057,Harrison,Harrison County
19087,49.7,45.12296,4.5770416,Henry,Henry County
19089,54.7,52.06092,2.63908,Howard,Howard County
19091,46.0,47.538616,-1.5386162,Humboldt,Humboldt County
19093,55.4,55.843536,-0.44353485,Ida,Ida County
19095,52.3,52.863472,-0.56347275,Iowa,Iowa County
19097,52.4,52.921482,-0.52148056,Jackson,Jackson County
19099,48.3,54.110474,-5.8104744,Jasper,Jasper County
19101,46.8,45.541492,1.2585068,Jefferson,Jefferson County
19103,48.9,51.00753,-2.1075287,Johnson,Johnson County
19105,52.6,52.739258,-0.13925934,Jones,Jones County
19107,45.4,48.365337,-2.9653358,Keokuk,Keokuk County
19109,52.9,52.58008,0.3199234,Kossuth,Kossuth County
19111,49.3,44.06613,5.2338676,Lee,Lee County
19113,53.8,52.016106,1.7838936,Linn,Linn County
19115,47.7,47.53579,0.16421127,Louisa,Louisa County
19117,41.8,40.695995,1.1040039,Lucas,Lucas County
19119,54.7,54.973312,-0.27331161,Lyon,Lyon County
19121,48.6,51.876724,-3.2767258,Madison,Madison County
19123,47.2,49.764065,-2.564064,Mahaska,Mahaska County
19125,46.9,48.901405,-2.0014038,Marion,Marion County
19127,57.4,57.342655,0.057346344,Marshall,Marshall County
19129,51.0,53.835354,-2.8353539,Mills,Mills County
19131,54.2,51.886093,2.3139076,Mitchell,Mitchell County
19133,48.7,51.478825,-2.7788239,Monona,Monona County
19135,44.8,44.611668,0.1883316,Monroe,Monroe County
19137,49.7,54.096676,-4.396675,Montgomery,Montgomery County
19139,48.9,49.674274,-0.7742729,Muscatine,Muscatine County
19141,52.9,53.75952,-0.85951996,O'Brien,O'Brien County
19143,52.7,52.2739,0.42610168,Osceola,Osceola County
19145,47.8,52.33943,-4.5394325,Page,Page County
19147,48.6,48.992954,-0.39295578,Palo Alto,Palo Alto County
19149,55.7,55.36873,0.33127213,Plymouth,Plymouth County
19151,46.9,50.00663,-3.1066284,Pocahontas,Pocahontas County
19153,46.1,49.015812,-2.9158134,Polk,Polk County
19155,52.3,54.840416,-2.5404167,Pottawattamie,Pottawattamie County
19157,51.3,53.598843,-2.2988434,Poweshiek,Poweshiek County
19159,43.9,45.90637,-2.0063667,Ringgold,Ringgold County
19161,54.5,54.506718,-0.006717682,Sac,Sac County
19163,52.4,52.92105,-0.5210495,Scott,Scott County
19165,55.4,55.91467,-0.5146675,Shelby,Shelby County
19167,57.0,56.43299,0.567009,Sioux,Sioux County
19169,48.4,50.920517,-2.5205154,Story,Story County
19171,55.4,55.707928,-0.30792618,Tama,Tama County
19173,46.7,48.16834,-1.468338,Taylor,Taylor County
19175,48.1,49.462284,-1.3622856,Union,Union County
19177,48.0,43.3886,4.6114006,Van Buren,Van Buren County
19179,45.6,45.45499,0.14500809,Wapello,Wapello County
19181,48.4,49.5656,-1.1655998,Warren,Warren County
19183,46.9,49.169304,-2.2693024,Washington,Washington County
19185,42.6,42.180557,0.41944122,Wayne,Wayne County
19187,45.5,48.900303,-3.400303,Webster,Webster County
19189,51.5,52.668427,-1.1684265,Winnebago,Winnebago County
19191,55.1,54.24133,0.8586693,Winneshiek,Winneshiek County
19193,50.4,52.90979,-2.5097885,Woodbury,Woodbury County
19195,52.7,51.29668,1.4033203,Worth,Worth County
19197,41.7,45.546627,-3.8466263,Wright,Wright County
20001,25.1,28.705732,-3.605732,Allen,Allen County
20003,25.2,26.934217,-1.7342167,Anderson,Anderson County
20005,39.3,37.504223,1.7957764,Atchison,Atchison County
20007,31.1,30.806458,0.29354286,Barber,Barber County
20009,33.6,36.350384,-2.7503853,Barton,Barton County
20011,25.1,28.298996,-3.1989956,Bourbon,Bourbon County
20013,43.0,44.336864,-1.3368645,Brown,Brown County
20015,25.5,27.784676,-2.2846756,Butler,Butler County
20017,32.0,31.30657,0.69342995,Chase,Chase County
20019,21.9,26.923859,-5.023859,Chautauqua,Chautauqua County
20021,31.3,32.888126,-1.5881271,Cherokee,Cherokee County
20023,46.3,45.582603,0.7173958,Cheyenne,Cheyenne County
20027,38.2,35.7846,2.4154015,Clay,Clay County
20029,39.7,35.74998,3.9500198,Cloud,Cloud County
20031,29.0,26.603827,2.3961735,Coffey,Coffey County
20035,33.2,33.29182,-0.09181976,Cowley,Cowley County
20037,30.5,28.513067,1.9869328,Crawford,Crawford County
20041,26.1,30.096937,-3.9969368,Dickinson,Dickinson County
20043,46.6,50.144512,-3.5445137,Doniphan,Doniphan County
20045,34.5,33.71241,0.78759,Douglas,Douglas County
20047,61.1,56.5667,4.5332985,Edwards,Edwards County
20049,26.3,30.46029,-4.1602917,Elk,Elk County
20051,20.5,23.347408,-2.8474083,Ellis,Ellis County
20053,23.4,22.308338,1.0916615,Ellsworth,Ellsworth County
20057,49.9,55.76779,-5.86779,Ford,Ford County
20059,31.7,29.150074,2.5499268,Franklin,Franklin County
20061,36.2,35.17667,1.0233307,Geary,Geary County
20063,25.0,30.829899,-5.829899,Gove,Gove County
20065,17.2,23.32026,-6.1202583,Graham,Graham County
20069,53.2,53.90484,-0.7048378,Gray,Gray County
20073,29.6,30.78591,-1.1859093,Greenwood,Greenwood County
20077,20.6,26.833559,-6.2335587,Harper,Harper County
20079,31.9,28.948187,2.9518127,Harvey,Harvey County
20085,30.9,32.035812,-1.1358128,Jackson,Jackson County
20087,39.5,36.186897,3.3131027,Jefferson,Jefferson County
20089,32.9,31.335878,1.5641232,Jewell,Jewell County
20091,29.8,29.091896,0.7081032,Johnson,Johnson County
20095,23.8,30.995409,-7.19541,Kingman,Kingman County
20099,27.4,26.597113,0.80288696,Labette,Labette County
20101,31.1,37.838127,-6.7381268,Lane,Lane County
20103,31.5,33.93245,-2.4324493,Leavenworth,Leavenworth County
20105,28.3,29.699373,-1.399374,Lincoln,Lincoln County
20107,25.8,30.435808,-4.635809,Linn,Linn County
20111,29.2,28.238993,0.9610081,Lyon,Lyon County
20113,32.0,30.90777,1.0922298,McPherson,McPherson County
20115,29.5,25.88171,3.61829,Marion,Marion County
20117,32.1,32.26838,-0.16838074,Marshall,Marshall County
20119,56.0,62.23844,-6.2384415,Meade,Meade County
20121,30.6,31.009678,-0.4096775,Miami,Miami County
20123,30.1,31.532804,-1.4328041,Mitchell,Mitchell County
20125,28.5,25.961971,2.5380287,Montgomery,Montgomery County
20127,24.0,27.731842,-3.731842,Morris,Morris County
20131,33.9,34.504913,-0.6049118,Nemaha,Nemaha County
20133,26.1,26.724115,-0.624115,Neosho,Neosho County
20137,24.6,29.461592,-4.8615913,Norton,Norton County
20139,29.7,27.952383,1.7476177,Osage,Osage County
20141,29.6,34.944637,-5.344637,Osborne,Osborne County
20143,34.3,32.889027,1.4109726,Ottawa,Ottawa County
20145,43.6,48.323975,-4.723976,Pawnee,Pawnee County
20147,32.7,34.85032,-2.1503181,Phillips,Phillips County
20149,33.0,37.17985,-4.1798515,Pottawatomie,Pottawatomie County
20153,33.5,35.357254,-1.857254,Rawlins,Rawlins County
20155,35.6,35.43239,0.16761017,Reno,Reno County
20157,40.7,36.568546,4.1314545,Republic,Republic County
20159,26.2,30.708233,-4.508232,Rice,Rice County
20161,33.4,32.402313,0.9976883,Riley,Riley County
20163,20.5,28.726772,-8.226772,Rooks,Rooks County
20165,23.4,35.802017,-12.402018,Rush,Rush County
20167,25.0,22.95603,2.04397,Russell,Russell County
20169,28.6,29.204832,-0.6048317,Saline,Saline County
20171,44.4,45.745075,-1.3450737,Scott,Scott County
20173,32.4,30.600437,1.7995644,Sedgwick,Sedgwick County
20175,53.7,56.513153,-2.8131523,Seward,Seward County
20177,34.5,33.00469,1.4953117,Shawnee,Shawnee County
20181,49.3,48.424816,0.8751831,Sherman,Sherman County
20183,39.7,37.674263,2.0257378,Smith,Smith County
20185,52.9,45.712456,7.187546,Stafford,Stafford County
20191,30.7,30.469482,0.23051834,Sumner,Sumner County
20193,41.1,45.738914,-4.638916,Thomas,Thomas County
20195,50.6,26.933126,23.666872,Trego,Trego County
20197,27.8,34.213127,-6.413128,Wabaunsee,Wabaunsee County
20201,37.5,30.326868,7.173132,Washington,Washington County
20203,39.3,40.702324,-1.4023247,Wichita,Wichita County
20205,25.5,25.835205,-0.33520508,Wilson,Wilson County
20207,26.8,28.257412,-1.4574127,Woodson,Woodson County
20209,38.5,36.941757,1.5582428,Wyandotte,Wyandotte County
26005,46.1,44.154404,1.9455948,Allegan,Allegan County
26007,39.0,34.56843,4.431568,Alpena,Alpena County
26011,46.3,42.702854,3.597145,Arenac,Arenac County
26015,43.9,42.07854,1.8214607,Barry,Barry County
26017,46.7,43.461384,3.238617,Bay,Bay County
26021,47.8,46.48062,1.3193779,Berrien,Berrien County
26023,44.4,43.774147,0.6258545,Branch,Branch County
26025,47.7,46.39913,1.300869,Calhoun,Calhoun County
26027,44.8,45.70608,-0.90608215,Cass,Cass County
26035,43.1,33.67797,9.422028,Clare,Clare County
26037,38.9,37.81296,1.08704,Clinton,Clinton County
26045,47.2,43.502785,3.697216,Eaton,Eaton County
26049,38.2,37.98783,0.21216965,Genesee,Genesee County
26051,49.4,38.00244,11.39756,Gladwin,Gladwin County
26057,41.1,40.422016,0.67798233,Gratiot,Gratiot County
26059,44.8,42.08863,2.7113686,Hillsdale,Hillsdale County
26063,46.1,47.236607,-1.1366081,Huron,Huron County
26065,47.4,44.93627,2.4637299,Ingham,Ingham County
26067,47.7,45.03996,2.6600418,Ionia,Ionia County
26069,46.5,42.931316,3.5686836,Iosco,Iosco County
26073,48.5,44.036263,4.4637375,Isabella,Isabella County
26075,46.0,42.496826,3.5031738,Jackson,Jackson County
26077,51.4,45.68667,5.713333,Kalamazoo,Kalamazoo County
26081,46.6,43.633114,2.9668846,Kent,Kent County
26087,41.2,39.64541,1.5545921,Lapeer,Lapeer County
26091,43.4,43.693718,-0.29371643,Lenawee,Lenawee County
26093,41.0,39.684654,1.3153458,Livingston,Livingston County
26099,38.0,40.750523,-2.7505226,Macomb,Macomb County
26105,55.9,43.775177,12.124825,Mason,Mason County
26107,37.2,34.724434,2.4755669,Mecosta,Mecosta County
26111,46.2,42.99334,3.2066612,Midland,Midland County
26115,41.0,39.940247,1.0597534,Monroe,Monroe County
26117,38.4,38.435596,-0.03559494,Montcalm,Montcalm County
26119,42.3,41.399044,0.9009552,Montmorency,Montmorency County
26121,49.3,42.97095,6.329048,Muskegon,Muskegon County
26123,44.8,39.481342,5.318657,Newaygo,Newaygo County
26125,38.0,34.627457,3.3725433,Oakland,Oakland County
26127,42.3,39.421494,2.8785057,Oceana,Oceana County
26129,44.5,40.951904,3.5480957,Ogemaw,Ogemaw County
26133,38.8,30.17337,8.626629,Osceola,Osceola County
26139,50.0,45.12398,4.8760185,Ottawa,Ottawa County
26141,35.6,33.51105,2.0889473,Presque Isle,Presque Isle County
26145,41.1,42.059082,-0.95908356,Saginaw,Saginaw County
26147,37.2,39.181835,-1.9818344,St. Clair,St. Clair County
26149,49.6,44.92152,4.6784782,St. Joseph,St. Joseph County
26151,42.9,44.20797,-1.3079681,Sanilac,Sanilac County
26155,36.2,37.556496,-1.3564949,Shiawassee,Shiawassee County
26157,41.0,42.780464,-1.7804642,Tuscola,Tuscola County
26159,45.2,42.10287,3.0971298,Van Buren,Van Buren County
26161,40.0,40.1395,-0.13949966,Washtenaw,Washtenaw County
26163,41.7,31.950787,9.749214,Wayne,Wayne County
27001,39.6,31.147257,8.452742,Aitkin,Aitkin County
27003,40.7,29.719963,10.980038,Anoka,Anoka County
27005,33.7,33.37156,0.32844162,Becker,Becker County
27009,42.8,39.805492,2.9945068,Benton,Benton County
27011,41.1,42.581352,-1.4813538,Big Stone,Big Stone County
27013,48.1,49.667046,-1.5670471,Blue Earth,Blue Earth County
27015,51.3,49.687176,1.6128235,Brown,Brown County
27019,51.6,50.587276,1.012722,Carver,Carver County
27023,48.6,48.04088,0.5591202,Chippewa,Chippewa County
27025,43.1,38.639294,4.460705,Chisago,Chisago County
27027,36.0,37.320026,-1.3200264,Clay,Clay County
27029,30.1,26.928003,3.171997,Clearwater,Clearwater County
27033,46.5,49.411633,-2.9116325,Cottonwood,Cottonwood County
27035,32.3,32.53505,-0.2350502,Crow Wing,Crow Wing County
27037,50.9,49.048264,1.851738,Dakota,Dakota County
27039,51.9,52.172432,-0.27243042,Dodge,Dodge County
27041,41.0,41.11669,-0.11669159,Douglas,Douglas County
27043,50.3,50.91554,-0.61553955,Faribault,Faribault County
27045,54.0,52.271862,1.728138,Fillmore,Fillmore County
27047,49.1,49.998867,-0.89886856,Freeborn,Freeborn County
27049,52.9,52.10811,0.791893,Goodhue,Goodhue County
27051,41.2,42.0021,-0.80210114,Grant,Grant County
27053,46.5,45.652267,0.84773254,Hennepin,Hennepin County
27055,51.9,52.467106,-0.56710434,Houston,Houston County
27059,37.2,34.66992,2.530079,Isanti,Isanti County
27063,48.7,50.127148,-1.4271469,Jackson,Jackson County
27065,42.3,37.625595,4.674404,Kanabec,Kanabec County
27067,47.6,48.496517,-0.8965187,Kandiyohi,Kandiyohi County
27069,34.1,32.785675,1.3143234,Kittson,Kittson County
27073,45.4,46.987736,-1.5877342,Lac qui Parle,Lac qui Parle County
27079,49.5,50.40598,-0.90597916,Le Sueur,Le Sueur County
27081,44.8,44.74054,0.059459686,Lincoln,Lincoln County
27083,48.2,48.851578,-0.651577,Lyon,Lyon County
27085,48.9,49.573483,-0.673481,McLeod,McLeod County
27087,32.9,34.917465,-2.0174637,Mahnomen,Mahnomen County
27089,31.7,29.82049,1.8795109,Marshall,Marshall County
27091,49.1,51.25442,-2.1544228,Martin,Martin County
27093,48.5,48.08255,0.41744995,Meeker,Meeker County
27095,42.5,39.962997,2.5370026,Mille Lacs,Mille Lacs County
27097,45.8,38.355717,7.4442825,Morrison,Morrison County
27099,50.9,51.026802,-0.12680054,Mower,Mower County
27101,50.3,49.413857,0.88614273,Murray,Murray County
27103,51.0,48.81866,2.1813393,Nicollet,Nicollet County
27105,50.8,50.890556,-0.0905571,Nobles,Nobles County
27107,33.9,37.084152,-3.1841507,Norman,Norman County
27109,54.0,52.772697,1.2273026,Olmsted,Olmsted County
27111,39.5,39.69761,-0.19760895,Otter Tail,Otter Tail County
27113,29.4,26.444315,2.9556847,Pennington,Pennington County
27115,42.3,41.443203,0.85679626,Pine,Pine County
27117,48.8,48.062943,0.73705673,Pipestone,Pipestone County
27119,34.4,34.02257,0.37742996,Polk,Polk County
27121,41.9,42.3343,-0.43429947,Pope,Pope County
27125,32.5,27.97415,4.5258503,Red Lake,Red Lake County
27127,51.3,49.81025,1.4897499,Redwood,Redwood County
27129,51.8,49.79648,2.003521,Renville,Renville County
27131,53.8,51.717495,2.0825043,Rice,Rice County
27133,54.3,53.008392,1.2916069,Rock,Rock County
27135,29.7,24.573349,5.126652,Roseau,Roseau County
27139,51.1,50.027393,1.0726051,Scott,Scott County
27141,39.8,35.645798,4.1542015,Sherburne,Sherburne County
27143,52.2,50.74684,1.4531593,Sibley,Sibley County
27145,45.8,43.774647,2.0253525,Stearns,Stearns County
27147,51.6,51.71767,-0.11767197,Steele,Steele County
27149,44.8,43.47423,1.3257675,Stevens,Stevens County
27151,46.8,46.818428,-0.018428802,Swift,Swift County
27153,39.5,37.55485,1.9451485,Todd,Todd County
27155,40.2,39.95453,0.24547195,Traverse,Traverse County
27157,52.3,52.974205,-0.6742058,Wabasha,Wabasha County
27159,41.1,33.568287,7.5317116,Wadena,Wadena County
27161,51.2,51.688942,-0.4889412,Waseca,Waseca County
27163,47.8,44.754593,3.0454063,Washington,Washington County
27165,48.3,50.491318,-2.1913185,Watonwan,Watonwan County
27167,36.7,37.32413,-0.62413025,Wilkin,Wilkin County
27169,56.1,53.463116,2.6368828,Winona,Winona County
27171,47.2,44.5797,2.6203003,Wright,Wright County
27173,46.2,49.08909,-2.8890877,Yellow Medicine,Yellow Medicine County
29001,38.2,37.663395,0.53660583,Adair,Adair County
29003,41.8,45.584427,-3.7844276,Andrew,Andrew County
29005,46.5,50.933075,-4.433075,Atchison,Atchison County
29007,45.2,44.51033,0.68967056,Audrain,Audrain County
29009,30.5,30.664988,-0.16498756,Barry,Barry County
29011,36.4,36.379456,0.02054596,Barton,Barton County
29013,35.7,37.991653,-2.2916527,Bates,Bates County
29015,44.7,41.661884,3.0381165,Benton,Benton County
29017,32.1,36.262745,-4.1627464,Bollinger,Bollinger County
29019,41.2,42.20014,-1.0001411,Boone,Boone County
29021,43.7,44.947598,-1.2475967,Buchanan,Buchanan County
29023,38.4,36.142384,2.257618,Butler,Butler County
29025,42.4,38.904324,3.495678,Caldwell,Caldwell County
29027,44.9,45.688293,-0.78829193,Callaway,Callaway County
29031,40.5,38.654457,1.8455429,Cape Girardeau,Cape Girardeau County
29033,41.5,43.519978,-2.0199776,Carroll,Carroll County
29037,38.9,34.056232,4.843769,Cass,Cass County
29039,33.9,36.13953,-2.2395287,Cedar,Cedar County
29041,41.3,41.606228,-0.30622864,Chariton,Chariton County
29045,39.2,38.500282,0.6997185,Clark,Clark County
29047,43.6,43.276146,0.32385254,Clay,Clay County
29049,45.7,46.17629,-0.47628784,Clinton,Clinton County
29051,44.9,44.11559,0.7844124,Cole,Cole County
29053,45.1,45.71961,-0.61960983,Cooper,Cooper County
29057,34.5,36.02425,-1.52425,Dade,Dade County
29061,38.9,39.772404,-0.8724022,Daviess,Daviess County
29063,40.1,41.48437,-1.3843727,DeKalb,DeKalb County
29069,32.1,31.716167,0.38383102,Dunklin,Dunklin County
29071,43.1,43.180595,-0.080596924,Franklin,Franklin County
29073,41.8,42.638733,-0.8387337,Gasconade,Gasconade County
29075,38.7,38.964306,-0.2643051,Gentry,Gentry County
29077,30.0,34.69222,-4.692219,Greene,Greene County
29079,40.2,39.33291,0.86709213,Grundy,Grundy County
29081,43.6,42.20948,1.3905182,Harrison,Harrison County
29083,38.2,40.082653,-1.8826523,Henry,Henry County
29087,45.9,44.6187,1.2813034,Holt,Holt County
29089,44.2,46.122345,-1.9223442,Howard,Howard County
29095,42.6,39.810726,2.7892723,Jackson,Jackson County
29097,33.7,35.613674,-1.9136734,Jasper,Jasper County
29099,42.9,41.591873,1.3081284,Jefferson,Jefferson County
29101,41.3,39.44853,1.851471,Johnson,Johnson County
29103,41.2,42.403576,-1.2035751,Knox,Knox County
29105,41.9,44.914,-3.014,Laclede,Laclede County
29107,50.0,49.25249,0.747509,Lafayette,Lafayette County
29109,29.9,33.12465,-3.2246494,Lawrence,Lawrence County
29111,41.1,41.885704,-0.78570557,Lewis,Lewis County
29113,47.7,45.433834,2.2661667,Lincoln,Lincoln County
29115,38.9,40.347584,-1.4475822,Linn,Linn County
29117,40.0,40.37981,-0.37981033,Livingston,Livingston County
29121,37.0,39.212627,-2.2126274,Macon,Macon County
29125,40.4,43.053852,-2.6538506,Maries,Maries County
29127,43.8,42.982937,0.8170624,Marion,Marion County
29129,42.6,38.51434,4.085659,Mercer,Mercer County
29131,46.9,42.624577,4.275425,Miller,Miller County
29133,40.9,39.925667,0.9743347,Mississippi,Mississippi County
29135,46.5,44.90756,1.5924416,Moniteau,Moniteau County
29137,43.5,42.85929,0.6407089,Monroe,Monroe County
29139,47.6,44.080082,3.5199165,Montgomery,Montgomery County
29141,46.0,44.01167,1.9883308,Morgan,Morgan County
29143,38.4,35.8502,2.5498009,New Madrid,New Madrid County
29145,27.4,34.011196,-6.6111965,Newton,Newton County
29147,45.2,48.513638,-3.3136368,Nodaway,Nodaway County
29151,46.9,44.33376,2.5662422,Osage,Osage County
29155,33.1,35.36436,-2.2643623,Pemiscot,Pemiscot County
29157,43.9,40.249695,3.6503067,Perry,Perry County
29159,43.0,42.612854,0.387146,Pettis,Pettis County
29163,47.6,45.056572,2.5434265,Pike,Pike County
29165,42.0,41.57183,0.42816925,Platte,Platte County
29167,35.4,37.094624,-1.694622,Polk,Polk County
29171,40.7,40.47174,0.22826004,Putnam,Putnam County
29173,43.9,44.34855,-0.44854736,Ralls,Ralls County
29175,38.4,42.87857,-4.478569,Randolph,Randolph County
29177,39.2,40.96426,-1.7642593,Ray,Ray County
29183,49.3,42.766598,6.5334015,St. Charles,St. Charles County
29185,37.5,40.620758,-3.120758,St. Clair,St. Clair County
29186,47.3,40.082497,7.2175026,Ste. Genevieve,Ste. Genevieve County
29187,49.4,42.70655,6.693451,St. Francois,St. Francois County
29189,49.9,41.50957,8.39043,St. Louis,St. Louis County
29195,49.8,48.51813,1.281868,Saline,Saline County
29197,39.4,36.330383,3.0696182,Schuyler,Schuyler County
29199,41.4,41.771973,-0.37197113,Scotland,Scotland County
29201,42.0,35.517654,6.4823456,Scott,Scott County
29205,40.9,41.218662,-0.31866074,Shelby,Shelby County
29207,41.0,38.216957,2.783043,Stoddard,Stoddard County
29211,38.2,37.655514,0.544487,Sullivan,Sullivan County
29217,34.9,36.472523,-1.5725212,Vernon,Vernon County
29219,47.6,44.388855,3.2111435,Warren,Warren County
29227,41.0,43.730522,-2.7305222,Worth,Worth County
31001,58.9,55.51935,3.3806534,Adams,Adams County
31003,56.3,51.89525,4.404751,Antelope,Antelope County
31011,54.9,52.854897,2.045105,Boone,Boone County
31015,48.3,44.96545,3.334549,Boyd,Boyd County
31017,50.9,45.95198,4.948021,Brown,Brown County
31019,61.8,55.41621,6.383789,Buffalo,Buffalo County
31021,51.1,52.270523,-1.1705246,Burt,Burt County
31023,54.2,51.131042,3.0689583,Butler,Butler County
31025,48.1,52.47728,-4.377281,Cass,Cass County
31027,55.1,53.008545,2.0914536,Cedar,Cedar County
31029,61.5,57.09887,4.4011307,Chase,Chase County
31035,59.2,56.002502,3.1974983,Clay,Clay County
31037,51.8,50.900337,0.899662,Colfax,Colfax County
31039,55.7,55.547077,0.15292358,Cuming,Cuming County
31041,55.8,51.439777,4.360222,Custer,Custer County
31043,53.3,54.26961,-0.9696121,Dakota,Dakota County
31047,61.1,57.144146,3.9558525,Dawson,Dawson County
31051,53.9,52.930984,0.969017,Dixon,Dixon County
31053,52.8,51.14671,1.6532898,Dodge,Dodge County
31055,48.8,47.22681,1.5731888,Douglas,Douglas County
31057,66.1,57.346123,8.753876,Dundy,Dundy County
31059,54.8,54.004303,0.79569626,Fillmore,Fillmore County
31061,57.0,55.575466,1.4245338,Franklin,Franklin County
31063,53.0,49.522095,3.4779053,Frontier,Frontier County
31065,53.8,51.252647,2.5473518,Furnas,Furnas County
31067,42.0,39.961533,2.0384674,Gage,Gage County
31069,37.0,36.473343,0.5266571,Garden,Garden County
31073,57.8,54.371033,3.4289665,Gosper,Gosper County
31077,50.1,47.633465,2.4665337,Greeley,Greeley County
31079,60.1,55.511703,4.588295,Hall,Hall County
31081,64.2,59.301662,4.8983345,Hamilton,Hamilton County
31083,57.5,55.02041,2.4795914,Harlan,Harlan County
31085,51.5,53.316666,-1.8166656,Hayes,Hayes County
31087,57.0,53.996357,3.003643,Hitchcock,Hitchcock County
31089,45.7,49.82083,-4.1208305,Holt,Holt County
31093,57.8,52.47833,5.3216705,Howard,Howard County
31095,43.3,42.958195,0.3418045,Jefferson,Jefferson County
31097,44.4,41.595547,2.8044548,Johnson,Johnson County
31099,58.1,56.739647,1.3603516,Kearney,Kearney County
31101,58.6,55.101265,3.4987335,Keith,Keith County
31103,50.2,42.301327,7.898674,Keya Paha,Keya Paha County
31107,52.6,51.636166,0.96383286,Knox,Knox County
31109,43.6,45.714256,-2.1142578,Lancaster,Lancaster County
31111,54.4,51.661297,2.7387047,Lincoln,Lincoln County
31113,52.7,52.806255,-0.10625458,Logan,Logan County
31119,53.1,51.86718,1.2328186,Madison,Madison County
31121,60.3,53.362415,6.937584,Merrick,Merrick County
31125,53.2,49.925926,3.2740746,Nance,Nance County
31127,44.3,45.48611,-1.1861115,Nemaha,Nemaha County
31129,45.6,42.2477,3.3522987,Nuckolls,Nuckolls County
31131,43.1,47.73809,-4.638092,Otoe,Otoe County
31133,36.9,36.365807,0.53419495,Pawnee,Pawnee County
31135,53.9,53.197506,0.7024956,Perkins,Perkins County
31137,65.6,59.283123,6.3168755,Phelps,Phelps County
31139,53.0,52.58074,0.41925812,Pierce,Pierce County
31141,53.0,53.828327,-0.8283272,Platte,Platte County
31143,59.5,56.287735,3.212265,Polk,Polk County
31145,61.3,55.029396,6.270603,Red Willow,Red Willow County
31147,44.4,46.457115,-2.0571136,Richardson,Richardson County
31149,51.0,44.018333,6.9816666,Rock,Rock County
31151,43.6,44.803757,-1.2037582,Saline,Saline County
31153,53.9,50.41259,3.4874115,Sarpy,Sarpy County
31155,50.4,51.567745,-1.1677437,Saunders,Saunders County
31159,53.0,52.725853,0.27414703,Seward,Seward County
31163,56.6,52.767704,3.8322945,Sherman,Sherman County
31167,51.3,52.24485,-0.9448509,Stanton,Stanton County
31169,48.9,48.069344,0.83065796,Thayer,Thayer County
31173,51.0,53.746952,-2.746952,Thurston,Thurston County
31175,52.0,47.979996,4.0200043,Valley,Valley County
31177,52.0,51.19634,0.80366135,Washington,Washington County
31179,52.1,54.501392,-2.401394,Wayne,Wayne County
31181,52.0,47.14059,4.8594093,Webster,Webster County
31185,59.9,58.230125,1.6698761,York,York County
38003,36.1,34.202095,1.8979034,Barnes,Barnes County
38005,31.2,31.020231,0.17976952,Benson,Benson County
38009,33.7,28.276606,5.423395,Bottineau,Bottineau County
38015,27.0,27.660345,-0.6603451,Burleigh,Burleigh County
38017,35.5,36.559776,-1.0597763,Cass,Cass County
38019,29.9,29.565725,0.3342743,Cavalier,Cavalier County
38021,34.5,33.03564,1.4643593,Dickey,Dickey County
38027,34.2,31.058138,3.1418629,Eddy,Eddy County
38029,31.2,24.472914,6.727087,Emmons,Emmons County
38031,33.3,32.457527,0.8424721,Foster,Foster County
38035,32.9,30.036465,2.8635368,Grand Forks,Grand Forks County
38037,28.1,22.364742,5.735258,Grant,Grant County
38039,35.6,31.43895,4.161049,Griggs,Griggs County
38043,29.9,30.28683,-0.38683128,Kidder,Kidder County
38045,34.1,33.624416,0.47558212,LaMoure,LaMoure County
38047,27.5,28.631025,-1.1310253,Logan,Logan County
38049,32.2,30.871296,1.3287048,McHenry,McHenry County
38051,28.6,27.435287,1.1647129,McIntosh,McIntosh County
38063,31.3,28.941872,2.3581276,Nelson,Nelson County
38067,33.4,31.163074,2.236927,Pembina,Pembina County
38069,34.0,31.386866,2.6131344,Pierce,Pierce County
38071,30.1,30.335485,-0.23548508,Ramsey,Ramsey County
38073,36.4,36.89063,-0.4906273,Ransom,Ransom County
38075,31.1,24.208086,6.8919144,Renville,Renville County
38077,35.2,35.03372,0.16628265,Richland,Richland County
38079,32.6,30.86979,1.7302094,Rolette,Rolette County
38081,35.8,36.279285,-0.4792862,Sargent,Sargent County
38083,29.6,27.932676,1.6673241,Sheridan,Sheridan County
38091,35.1,33.550243,1.5497551,Steele,Steele County
38093,33.5,34.711273,-1.2112732,Stutsman,Stutsman County
38095,32.4,31.523796,0.87620544,Towner,Towner County
38097,38.0,34.919746,3.0802536,Traill,Traill County
38099,32.8,31.6712,1.1287994,Walsh,Walsh County
38101,30.9,28.707748,2.1922512,Ward,Ward County
38103,32.3,31.144897,1.1551018,Wells,Wells County
39001,41.1,42.764584,-1.6645851,Adams,Adams County
39003,49.8,46.676727,3.123272,Allen,Allen County
39005,49.8,47.64144,2.158558,Ashland,Ashland County
39007,49.9,45.295654,4.604347,Ashtabula,Ashtabula County
39009,45.6,46.142246,-0.5422478,Athens,Athens County
39011,50.2,47.456768,2.7432327,Auglaize,Auglaize County
39015,43.5,43.094852,0.40514755,Brown,Brown County
39017,42.6,41.808228,0.79177094,Butler,Butler County
39021,53.2,51.211163,1.9888382,Champaign,Champaign County
39023,53.0,50.861065,2.138935,Clark,Clark County
39025,40.9,41.722378,-0.82237625,Clermont,Clermont County
39027,48.4,50.18142,-1.7814178,Clinton,Clinton County
39029,46.9,43.722187,3.1778145,Columbiana,Columbiana County
39031,48.2,44.026897,4.1731033,Coshocton,Coshocton County
39033,55.5,49.162075,6.337925,Crawford,Crawford County
39037,51.2,49.644806,1.5551949,Darke,Darke County
39039,38.8,38.557365,0.24263382,Defiance,Defiance County
39041,52.2,49.91765,2.2823524,Delaware,Delaware County
39043,54.5,48.781326,5.7186737,Erie,Erie County
39045,53.5,49.435284,4.0647163,Fairfield,Fairfield County
39047,46.9,49.09458,-2.19458,Fayette,Fayette County
39049,49.6,48.527546,1.0724525,Franklin,Franklin County
39051,47.2,47.024338,0.175663,Fulton,Fulton County
39053,41.1,49.724533,-8.624535,Gallia,Gallia County
39057,51.2,54.353912,-3.1539116,Greene,Greene County
39059,45.4,43.251026,2.1489754,Guernsey,Guernsey County
39061,43.6,41.96492,1.6350784,Hamilton,Hamilton County
39063,45.5,44.901596,0.59840393,Hancock,Hancock County
39065,51.9,50.53308,1.3669205,Hardin,Hardin County
39067,39.3,40.3955,-1.095501,Harrison,Harrison County
39069,46.7,43.876495,2.8235054,Henry,Henry County
39071,43.6,44.080288,-0.48028946,Highland,Highland County
39073,49.8,45.482582,4.317417,Hocking,Hocking County
39075,50.8,47.033966,3.7660332,Holmes,Holmes County
39077,48.5,46.18243,2.3175697,Huron,Huron County
39079,45.5,44.696938,0.80306244,Jackson,Jackson County
39083,49.3,48.7153,0.5846977,Knox,Knox County
39087,34.2,47.069763,-12.869762,Lawrence,Lawrence County
39089,51.2,47.155148,4.044853,Licking,Licking County
39091,50.1,50.285908,-0.18590927,Logan,Logan County
39093,43.2,45.287815,-2.0878143,Lorain,Lorain County
39095,47.7,47.00765,0.6923523,Lucas,Lucas County
39097,54.4,52.15613,2.2438698,Madison,Madison County
39099,53.7,47.3918,6.308201,Mahoning,Mahoning County
39101,50.5,47.847916,2.6520844,Marion,Marion County
39103,48.7,46.6558,2.044201,Medina,Medina County
39107,51.6,45.800037,5.799961,Mercer,Mercer County
39109,51.1,48.676636,2.4233627,Miami,Miami County
39113,47.7,41.64734,6.052662,Montgomery,Montgomery County
39115,42.9,38.891598,4.008404,Morgan,Morgan County
39117,51.6,48.328655,3.2713432,Morrow,Morrow County
39119,44.3,43.727238,0.57276154,Muskingum,Muskingum County
39123,48.6,44.013763,4.586235,Ottawa,Ottawa County
39125,40.7,40.150257,0.54974365,Paulding,Paulding County
39127,53.1,46.851112,6.248886,Perry,Perry County
39129,51.0,47.98933,3.0106697,Pickaway,Pickaway County
39131,48.4,44.083584,4.3164177,Pike,Pike County
39133,49.3,45.277973,4.022026,Portage,Portage County
39135,50.0,47.969723,2.0302773,Preble,Preble County
39137,43.0,41.078854,1.9211464,Putnam,Putnam County
39139,49.7,47.37002,2.329979,Richland,Richland County
39141,42.0,43.22655,-1.226551,Ross,Ross County
39143,44.7,43.797302,0.9026985,Sandusky,Sandusky County
39145,45.2,48.70115,-3.5011482,Scioto,Scioto County
39147,43.2,43.853752,-0.6537514,Seneca,Seneca County
39149,51.1,49.59538,1.5046196,Shelby,Shelby County
39151,44.5,43.317192,1.1828079,Stark,Stark County
39155,46.6,47.118935,-0.51893616,Trumbull,Trumbull County
39157,51.1,43.706882,7.393116,Tuscarawas,Tuscarawas County
39159,47.5,48.32127,-0.82127,Union,Union County
39161,43.8,44.23633,-0.4363289,Van Wert,Van Wert County
39165,46.4,44.41734,1.9826622,Warren,Warren County
39167,44.2,41.502388,2.6976128,Washington,Washington County
39169,55.1,49.992695,5.1073036,Wayne,Wayne County
39171,42.7,38.99266,3.7073402,Williams,Williams County
39173,43.3,41.266716,2.0332832,Wood,Wood County
39175,49.2,45.8177,3.3823013,Wyandot,Wyandot County
46003,38.3,36.2295,2.0704994,Aurora,Aurora County
46005,32.9,33.875874,-0.97587204,Beadle,Beadle County
46009,44.2,44.110912,0.08908844,Bon Homme,Bon Homme County
46011,42.8,42.452347,0.34765244,Brookings,Brookings County
46013,36.5,29.261782,7.2382183,Brown,Brown County
46015,36.3,35.082394,1.2176056,Brule,Brule County
46017,40.3,32.303757,7.9962425,Buffalo,Buffalo County
46021,24.9,21.545233,3.3547668,Campbell,Campbell County
46023,41.6,40.182663,1.4173355,Charles Mix,Charles Mix County
46025,27.4,31.887358,-4.487358,Clark,Clark County
46027,44.7,44.004463,0.69553757,Clay,Clay County
46029,35.9,34.597176,1.3028259,Codington,Codington County
46031,18.8,18.143375,0.65662384,Corson,Corson County
46035,43.8,42.73678,1.063221,Davison,Davison County
46037,32.0,33.30696,-1.306961,Day,Day County
46039,37.3,35.233414,2.0665855,Deuel,Deuel County
46043,42.1,42.904625,-0.80462646,Douglas,Douglas County
46045,32.1,25.139978,6.96002,Edmunds,Edmunds County
46049,30.8,26.897116,3.9028835,Faulk,Faulk County
46051,36.1,37.130966,-1.0309677,Grant,Grant County
46053,34.3,36.2833,-1.9832993,Gregory,Gregory County
46057,37.0,37.33952,-0.3395195,Hamlin,Hamlin County
46059,31.2,30.852337,0.34766388,Hand,Hand County
46061,43.6,42.99896,0.6010399,Hanson,Hanson County
46065,36.2,30.354948,5.8450527,Hughes,Hughes County
46067,44.2,43.890324,0.30967712,Hutchinson,Hutchinson County
46069,29.1,25.622805,3.4771957,Hyde,Hyde County
46073,36.1,42.081223,-5.981224,Jerauld,Jerauld County
46077,35.6,37.746403,-2.1464043,Kingsbury,Kingsbury County
46079,41.8,43.833473,-2.033474,Lake,Lake County
46083,42.5,44.25431,-1.7543106,Lincoln,Lincoln County
46085,51.0,36.054466,14.945534,Lyman,Lyman County
46087,43.4,42.20514,1.1948624,McCook,McCook County
46089,29.4,25.273916,4.1260834,McPherson,McPherson County
46091,34.1,35.02323,-0.92323303,Marshall,Marshall County
46097,38.4,41.07037,-2.6703682,Miner,Miner County
46099,48.0,49.24336,-1.2433586,Minnehaha,Minnehaha County
46101,48.9,47.91643,0.9835701,Moody,Moody County
46103,11.0,9.551848,1.4481516,Pennington,Pennington County
46107,29.0,23.589632,5.410368,Potter,Potter County
46109,36.2,36.969635,-0.76963425,Roberts,Roberts County
46111,42.3,41.92867,0.37133026,Sanborn,Sanborn County
46115,31.0,27.779787,3.220213,Spink,Spink County
46119,29.5,28.908604,0.59139633,Sully,Sully County
46123,28.0,27.143732,0.8562679,Tripp,Tripp County
46125,42.9,42.985638,-0.08563614,Turner,Turner County
46127,46.7,49.6449,-2.9449005,Union,Union County
46129,25.9,24.72209,1.1779099,Walworth,Walworth County
46135,50.0,47.140106,2.8598938,Yankton,Yankton County
55001,47.1,40.04563,7.054367,Adams,Adams County
55005,47.2,44.722725,2.4772758,Barron,Barron County
55009,43.4,46.06487,-2.6648674,Brown,Brown County
55011,47.1,46.374905,0.72509384,Buffalo,Buffalo County
55013,41.4,37.386395,4.013607,Burnett,Burnett County
55015,49.9,47.243286,2.6567154,Calumet,Calumet County
55017,46.7,44.162785,2.5372162,Chippewa,Chippewa County
55019,48.5,45.121075,3.3789253,Clark,Clark County
55021,54.4,49.81605,4.58395,Columbia,Columbia County
55023,47.9,47.885143,0.014858246,Crawford,Crawford County
55025,57.6,51.59773,6.0022697,Dane,Dane County
55027,51.9,49.554966,2.3450356,Dodge,Dodge County
55029,48.6,41.468834,7.1311646,Door,Door County
55033,46.4,44.931747,1.4682541,Dunn,Dunn County
55035,45.0,43.818913,1.1810875,Eau Claire,Eau Claire County
55039,52.3,49.15563,3.144371,Fond du Lac,Fond du Lac County
55043,59.3,53.29656,6.003441,Grant,Grant County
55045,54.1,51.22656,2.8734398,Green,Green County
55047,51.9,46.34219,5.5578117,Green Lake,Green Lake County
55049,55.1,50.771957,4.328041,Iowa,Iowa County
55053,45.4,45.456585,-0.056583405,Jackson,Jackson County
55055,53.6,49.09097,4.5090294,Jefferson,Jefferson County
55057,45.9,41.84063,4.059372,Juneau,Juneau County
55059,55.5,47.222115,8.277885,Kenosha,Kenosha County
55061,48.7,46.03169,2.668312,Kewaunee,Kewaunee County
55063,51.4,50.357918,1.0420837,La Crosse,La Crosse County
55065,57.3,54.237602,3.062397,Lafayette,Lafayette County
55071,50.0,47.272667,2.727333,Manitowoc,Manitowoc County
55073,49.7,42.35681,7.3431892,Marathon,Marathon County
55075,48.5,36.944283,11.555717,Marinette,Marinette County
55077,41.1,38.95964,2.140358,Marquette,Marquette County
55079,40.8,42.802074,-2.0020752,Milwaukee,Milwaukee County
55081,48.7,44.32597,4.374031,Monroe,Monroe County
55083,44.5,40.667915,3.8320847,Oconto,Oconto County
55087,42.7,46.68741,-3.9874077,Outagamie,Outagamie County
55089,48.5,46.71283,1.7871704,Ozaukee,Ozaukee County
55091,46.7,46.865532,-0.16553116,Pepin,Pepin County
55093,49.3,48.350773,0.9492264,Pierce,Pierce County
55095,45.8,43.53842,2.2615776,Polk,Polk County
55097,42.2,40.442158,1.757843,Portage,Portage County
55101,51.0,46.060795,4.939205,Racine,Racine County
55103,47.7,48.222847,-0.5228462,Richland,Richland County
55105,56.4,52.13429,4.2657127,Rock,Rock County
55107,42.3,39.528763,2.7712364,Rusk,Rusk County
55109,49.3,46.387905,2.912094,St. Croix,St. Croix County
55111,50.0,48.29241,1.7075882,Sauk,Sauk County
55115,46.7,44.578568,2.1214333,Shawano,Shawano County
55117,51.1,46.918995,4.1810036,Sheboygan,Sheboygan County
55119,45.2,40.620434,4.579567,Taylor,Taylor County
55121,47.1,46.08186,1.0181389,Trempealeau,Trempealeau County
55123,49.1,49.632843,-0.53284454,Vernon,Vernon County
55127,56.6,50.920326,5.6796722,Walworth,Walworth County
55129,47.1,35.026993,12.073006,Washburn,Washburn County
55131,51.9,46.79011,5.10989,Washington,Washington County
55133,49.1,44.421356,4.6786423,Waukesha,Waukesha County
55135,47.6,43.40945,4.190548,Waupaca,Waupaca County
55137,46.4,41.051544,5.3484573,Waushara,Waushara County
55139,46.9,45.332375,1.567627,Winnebago,Winnebago County
55141,45.0,42.973244,2.0267563,Wood,Wood County
